<?xml version="1.0" encoding="UTF-8" standalone="no"?><repertoire><etudiant id="1"/><nom>mbombo</nom><postnom>Kakese</postnom><prenom>patrick</prenom><matricule>17nn365</matricule><promotion>L2GL</promotion><pourcentage>0.0</pourcentage></repertoire><?xml version="1.0" encoding="UTF-8" standalone="no"?><repertoire><etudiant id="1"/><nom>Ngalamulume</nom><postnom>nyunga</postnom><prenom>ives</prenom><matricule>17nn365</matricule><promotion>L2GL</promotion><pourcentage>0.0</pourcentage></repertoire><?xml version="1.0" encoding="UTF-8" standalone="no"?><repertoire><etudiant id="1"/><nom>l'or</nom><postnom>luk@di</postnom><prenom>l@ure</prenom><matricule>15lk365</matricule><promotion>L3GL</promotion><pourcentage>0.0</pourcentage></repertoire>